report_date,active_users,total_purchase,total_redeem,direct_purchase,purchase_bal,purchase_bank,total_share,total_consume,total_transfer,total_tftobal,total_tftocard,cat1_total,cat2_total,cat3_total,cat4_total,avg_balance,avg_yesterday_balance
20130701,441,32488348,5525022,32458786,21250722,11208064,29562,382160,5142862,5142862,0,0,89350,0,292810,572172.0204081633,511030.69160997734
20130702,480,29037390,2554548,29007510,16561183,12446327,29880,350066,2204482,2204482,0,0,1650,0,348416,580855.63125,525683.04375
20130703,499,27270770,5953867,27234156,20493660,6740496,36614,454406,5499461,5499461,0,0,69764,0,384642,601458.128256513,558738.8837675351
20130704,523,18321185,6410729,18282230,12108178,6174052,38955,535391,5875338,5875338,0,25078,107500,0,402813,596631.0936902486,573857.7552581262
20130705,544,11648749,2763587,11607991,6930431,4677560,40758,697926,2065661,2065661,0,0,51100,0,646826,589932.3970588235,573599.3786764706
20130706,553,36751272,1616635,36709190,31533483,5175707,42082,300533,1316102,1316102,0,0,21800,0,278733,643865.9330922242,580331.3273056058
20130707,566,8962232,3982735,8920335,5257768,3662567,41897,336880,3645855,3645855,0,0,0,0,336880,637875.1908127208,629077.4929328621
20130708,580,57258266,8347729,57218409,47490938,9727471,39857,852530,7495199,7495199,0,219851,3500,0,629179,706806.7155172414,622478.2034482759
20130709,614,26798941,3473059,26755943,21541164,5214779,42998,765509,2707550,2707550,0,60000,0,0,705509,705657.6172638437,667667.5814332247
20130710,619,30696506,2597169,30644691,20475437,10169254,51815,603737,1993432,1993432,0,8000,267500,0,328237,745352.3651050081,699957.6365105008
20130711,658,44075197,3508800,44021031,38701392,5319639,54166,981695,2527105,2527105,0,325455,2194,0,654046,762826.0045592706,701174.9452887538
20130712,677,34183904,8492573,34126845,28358933,5767912,57059,1371072,7121501,7121501,0,483604,173268,0,714200,779366.0886262924,741417.2983751846
20130713,694,15164717,3482829,15103661,8461168,6642493,61056,309654,3173175,3173175,0,0,45584,0,264070,777107.6801152738,760274.9884726225
20130714,697,22615303,2784107,22554354,18447507,4106847,60949,592038,2192069,2192069,0,0,182560,0,409478,802215.1018651363,773762.8837876614
20130715,714,48128555,13107943,48069686,28401224,19668462,58869,1521794,11586149,11586149,0,679000,222000,0,620794,832163.218487395,783114.7422969188
20130716,739,50622847,11864981,50559618,39657799,10901819,63229,1529687,10335294,10335294,0,744302,60000,0,725385,856457.9215155615,804011.553450609
20130717,765,29015682,10911513,28946382,25167271,3779111,69300,2109498,8802015,8802015,0,1348120,50000,0,711378,851015.1281045752,827349.5477124183
20130718,772,24234505,11765356,24160561,12633212,11527349,73944,3195410,8569946,8569946,0,577438,2081710,0,536262,859450.4170984456,843298.6696891192
20130719,788,33680124,9244769,33603190,25296006,8307184,76934,1204252,8040517,8040517,0,713031,140760,0,350461,873008.980964467,841999.6472081218
20130720,810,20439079,4601143,20360981,14965131,5395850,78098,1780862,2820281,2820281,0,229770,376900,0,1174192,868850.6333333333,849297.6259259259
20130721,817,21142394,2681331,21064648,14155152,6909496,77746,761299,1920032,1920032,0,100000,26681,0,634618,884002.5410036719,861406.3806609547
20130722,840,40448896,19144267,40374049,33166661,7207388,74847,605231,18539036,18539036,0,20220,64584,0,520427,885160.3630952381,859797.7095238095
20130723,869,58136147,24404051,58056583,48105087,9951496,79564,2173231,22230820,22230820,0,483047,2000,0,1688184,894438.2059838895,855621.0644418872
20130724,885,48422518,36258592,48337561,38512434,9825127,84957,712047,35546545,35546545,0,320000,12669,0,379378,892012.1209039548,878267.5717514125
20130725,906,57433418,38212836,57347209,42064761,15282448,86209,1557611,36655225,36655225,0,526800,183410,0,847401,892551.1136865342,871336.3432671082
20130726,925,44721817,39192369,44633279,33299638,11333641,88538,1035450,38156919,38156919,0,469737,48517,0,517196,880195.412972973,874217.6313513514
20130727,918,17194451,15058893,17102400,10482577,6619823,92051,1922114,13136779,13136779,0,1005922,58834,0,857358,889233.4586056644,886907.142701525
20130728,936,36255382,7683211,36164421,32964064,3200357,90961,1161872,6521339,6521339,0,551807,27184,0,582881,902658.6388888889,872132.8151709401
20130729,952,53512076,18599364,53423360,41820041,11603319,88716,1202332,17397032,17397032,0,559277,121890,0,521165,924160.9222689075,887487.9054621849
20130730,970,47481243,13048582,47387817,33779762,13608055,93426,1318647,11729935,11729935,0,510220,88782,0,719645,942509.1329896908,907011.5443298969
20130731,977,54569637,9534040,54465204,46575247,7889957,104433,1191442,8342598,8342598,0,651652,68160,0,471630,981852.0532241556,935756.252814739
20130801,990,53369962,18864468,53261431,29717147,23544284,108531,1935577,16928891,16928891,0,897850,156126,0,881601,1003813.0808080808,968959.0464646465
20130802,1011,38064536,40150769,37949861,25198904,12750957,114675,1140935,39009834,39009834,0,130341,295063,0,715531,980898.8298714145,982962.3639960436
20130803,1011,21595789,20701797,21479421,10093238,11386183,116368,1725397,18976400,18976400,0,1029086,69092,0,627219,981783.0949554896,980898.8298714145
20130804,1027,45745254,8263965,45630463,41159712,4470751,114791,1389042,6874923,6874923,0,591302,106568,0,691172,1002983.4449853944,966487.5452775073
20130805,1045,43632203,15797507,43520180,18112798,25407382,112023,1757807,14039700,14039700,0,583097,150694,0,1024016,1012343.24784689,985707.1751196173
20130806,1061,50866184,16401387,50749514,38122413,12627101,116670,2956008,13445379,13445379,0,1331960,417870,0,1206178,1029560.3119698397,997076.9971724788
20130807,1084,43908081,29708706,43781998,29774898,14007100,126083,1552975,28155731,28155731,0,417462,261378,0,874135,1020814.4520295203,1007715.397601476
20130808,1095,44493490,29551691,44364177,32476695,11887482,129313,1136867,28414824,28414824,0,321867,86103,0,728897,1024205.1735159818,1010559.6949771689
20130809,1102,33425186,30131015,33294291,26619531,6674760,130895,3500833,26630182,26630182,0,2442888,153280,0,904665,1020688.5989110707,1017699.333030853
20130810,1104,20615307,26614408,20482505,15003071,5479434,132802,1290443,25323965,25323965,0,722889,168430,0,399124,1013405.5570652174,1018839.5253623188
20130811,1117,55519543,15372680,55388879,49401320,5987559,130664,925608,14447072,14447072,0,126543,151160,0,647905,1037552.9077887197,1001611.2220232766
20130812,1135,94520502,28586669,94394024,77433832,16960192,126478,2062992,26523677,26523677,0,1409937,208170,0,444885,1079189.8070484581,1021098.3242290749
20130813,1158,48720919,28790328,48590757,28460439,20130318,130162,3646077,25144251,25144251,0,1782390,72720,0,1790967,1074966.2538860103,1057755.121761658
20130814,1167,30541167,15031683,30394880,22991641,7403239,146287,2060843,12970840,12970840,0,289344,841860,0,929639,1079966.0719794345,1066676.0257069408
20130815,1174,42421222,52659327,42271280,30267955,12003325,149942,6412165,46247162,46247162,0,5159036,236717,0,1016412,1064806.0485519592,1073526.751277683
20130816,1180,41683536,33739844,41535972,29961502,11574470,147564,1588741,32151103,32151103,0,153854,113378,0,1321509,1066123.722881356,1059391.7805084747
20130817,1183,17670519,4674983,17522875,10792404,6730471,147644,1555761,3119222,3119222,0,733014,443937,0,378810,1074405.3499577346,1063420.1124260356
20130818,1203,59703092,15218300,59555804,48363051,11192753,147288,1049130,14169170,13607144,562026,248919,17600,0,782611,1093521.463840399,1056543.2493765587
20130819,1202,109184209,28339260,109039743,93558910,15480833,144466,2827001,25512259,24585884,926375,1199195,326877,0,1300929,1161689.9084858568,1094431.2154742097
20130820,1226,53675509,30131225,53525266,32336915,21188351,150243,2331156,27800069,22614527,5185542,882520,178236,0,1270400,1158152.9804241436,1138948.8336052203
20130821,1224,38184446,29983342,38016570,22840717,15175853,167876,1487466,28495876,28056688,439188,565500,428944,0,493022,1166745.635620915,1160045.387254902
20130822,1251,89130737,25000672,88961196,75601493,13359703,169541,2011337,22989335,4751853,18237482,194769,303499,0,1513069,1192827.1167066346,1141564.075139888
20130823,1266,37878575,25680323,37707135,21923609,15783526,171440,2928413,22751910,16963681,5788229,1548371,269650,0,1110392,1188329.3641390204,1178694.0939968405
20130824,1261,44367268,14316598,44188538,32022342,12166196,178730,3151997,11164601,5951141,5213460,1213141,232702,0,1706154,1216872.0420301347,1193041.2172878669
20130825,1276,43306288,18117808,43128521,28531519,14597002,177767,1946279,16171529,8774008,7397521,1197869,255174,0,493236,1222307.3079937303,1202567.119905956
20130826,1294,74496541,20637986,74325753,50885562,23440191,170788,3918170,16719816,7070763,9649053,1767149,1293550,0,857471,1246926.3369397218,1205304.5788253478
20130827,1310,45268028,60137633,45089370,33855884,11233486,178658,1713586,58424047,5683840,52740207,590630,50648,0,1072308,1220345.858778626,1231696.7022900763
20130828,1321,46602319,33696861,46414328,26923896,19490432,187991,3193850,30503011,27302135,3200876,1936794,98478,0,1158578,1219953.469341408,1210184.008327025
20130829,1338,47518666,35944968,47312464,36868023,10444441,206202,9618879,26326089,6450910,19875179,221154,7800263,0,1597462,1213103.311659193,1204453.3131539612
20130830,1347,56488844,20630752,56266206,37466526,18799680,222638,7687108,12943644,6673809,6269835,1390412,5335986,0,960710,1231618.6510764663,1204997.9443207127
20130831,1366,47655303,22012016,47459849,25669538,21790311,195454,3582164,18429852,16052130,2377722,2302440,254884,0,1024840,1233260.3294289897,1214487.7913616397
20130901,1381,56239802,59339949,56045782,36564187,19481595,194020,8984938,50355011,4349781,46005230,3077249,4583852,0,1323837,1217620.1759594497,1219865.0325850833
20130902,1410,140844739,17785524,140622201,103991419,36630782,222538,4903664,12881860,6708784,6173076,3306506,636750,0,960408,1279852.9631205674,1192576.9241134753
20130903,1412,80507880,39328144,80314060,51070577,29243483,193820,3826502,35501642,13629313,21872329,2504828,45006,0,1276668,1307204.2592067989,1278040.1402266289
20130904,1419,33366708,27452600,33149101,22039123,11109978,217607,5123201,22329399,4079727,18249672,3046382,662130,0,1414689,1304923.5532064834,1300755.7533474278
20130905,1429,38716505,21800904,38491932,18051917,20440015,224573,4026090,17774814,5870621,11904193,2333203,549920,0,1142967,1307629.1973407979,1295791.8278516445
20130906,1440,38923186,33417903,38648043,17570388,21077655,275143,2960086,30457817,16081369,14376448,98699,330910,0,2530477,1301463.476388889,1297640.3631944444
20130907,1445,34076183,20344424,33848786,19377542,14471244,227397,4674119,15670305,8126616,7543689,3108803,437665,0,1127651,1306463.089965398,1296960.1425605537
20130908,1456,38796909,14919122,38571047,23022708,15548339,225862,3458751,11460371,6590099,4870272,1999704,67000,0,1392047,1312992.412087912,1296592.8331043955
20130909,1478,49312473,45621186,49051334,28145783,20905551,261139,5640803,39980383,22470137,17510246,2374201,723575,0,2543027,1295946.0345060893,1293448.5466847091
20130910,1484,94684143,37128363,94427415,59214774,35212641,256728,4737939,32390424,14101974,18288450,2799147,280850,0,1657942,1329490.5788409703,1290706.3605121293
20130911,1505,98944459,71674082,98709145,71068310,27640835,235314,4887487,66786595,8915582,57871013,3218626,318332,0,1350529,1329059.3993355483,1310939.5475083056
20130912,1513,68573684,45147220,68334304,43875535,24458769,239380,6134732,39012488,6425604,32586884,3355912,780960,0,1997860,1337515.4395241241,1322031.9867812293
20130913,1514,71655946,60512675,71385620,41601351,29784269,270326,6513431,53999244,23753632,30245612,4713046,433663,0,1366722,1343992.1605019816,1336632.0079260238
20130914,1516,30975443,36312660,30726657,14850336,15876321,248786,2449865,33862795,9025416,24837379,1076995,145605,0,1227265,1338698.4920844326,1342219.083773087
20130915,1534,37059683,25020715,36813279,22142657,14670622,246404,2993592,22027123,15270867,6756256,971109,166305,0,1856178,1330838.2542372881,1322990.1655801826
20130916,1559,161656210,45184589,161382323,134330619,27051704,273887,4585488,40599101,10354185,30244916,919927,1207490,0,2458071,1384206.2238614496,1309497.0378447722
20130917,1569,76204815,58260798,75960756,50504307,25456449,244059,3075100,55185698,18859824,36325874,1426945,545910,0,1102245,1386820.5991077118,1375384.0044614405
20130918,1569,42926608,47203221,42645589,27232465,15413124,281019,2788140,44415081,23818473,20596608,1007160,269990,0,1510990,1384094.9056724028,1386820.5991077118
20130919,1567,24778048,11418512,24509091,12890601,11618490,268957,2197881,9220631,6772365,2448266,616026,309000,0,1272855,1394387.0089342692,1385861.459476707
20130920,1584,28365762,15188254,28094290,18054480,10039810,271472,2462918,12725336,3457926,9267410,496242,928200,0,1038476,1387741.1306818181,1379421.9968434344
20130921,1587,32406340,26596179,32133842,18601415,13532427,272498,2655841,23940338,17880107,6060231,1437726,467430,0,750685,1388778.8985507246,1385117.8015122872
20130922,1592,67514169,47962055,67243692,36029859,31213833,270477,4795752,43166303,22340098,20826205,1908203,936280,0,1951269,1396698.6344221106,1384417.1557788944
20130923,1616,54658160,58285879,54396879,22328835,32068044,261281,13664826,44621053,30024517,14596536,8130005,2411151,0,3123670,1373710.7097772278,1375955.5853960395
20130924,1637,74250859,56680792,73973408,48700610,25272798,277451,6876331,49804461,22552195,27252266,4040955,750600,0,2084776,1366821.364691509,1356088.2755039707
20130925,1639,47274168,74838162,46973702,20104663,26869039,300466,3878952,70959210,41253857,29705353,1503133,1140040,0,1235779,1348335.9243441122,1365153.4923733985
20130926,1646,68718693,48467529,68406175,50986446,17419729,312518,8338252,40129277,21599517,18529760,4430820,2214743,0,1692689,1354905.0692588093,1342601.8104495748
20130927,1660,42166121,27639603,41868120,27267839,14600281,298001,3797939,23841664,11564733,12276931,1869592,347456,0,1580891,1352229.073493976,1343478.1590361446
20130928,1668,39995798,58105720,39706452,14563705,25142747,289346,6761391,51344329,16876243,34468086,3370698,1512093,0,1878600,1334886.2949640288,1345743.56235012
20130929,1680,34433848,40295202,34151131,14055266,20095865,282717,6378811,33916391,22588058,11328333,1442498,1913594,0,3022719,1321862.4916666667,1325351.392857143
20130930,1685,28398050,30181353,28118755,8182452,19936303,279295,9842291,20339062,14254160,6084902,7089923,526812,0,2225556,1316881.7109792284,1317940.0510385756
20131001,1696,19137499,12813267,18857154,6502928,12354226,280345,2004563,10808704,7433180,3375524,754200,269035,0,981328,1312069.5253537735,1308340.6149764152
20131002,1698,11562708,7233874,11272068,4072819,7199249,290640,2386169,4847705,2880222,1967483,933550,226557,0,1226062,1313073.4681978798,1310524.0959952886
20131003,1704,10101194,6223263,9809448,4241086,5568362,291746,1502285,4720978,1589382,3131596,474244,436650,0,591391,1310725.7511737088,1308449.9700704226
20131004,1715,19907689,23412350,19615445,8598422,11017023,292244,4280664,19131686,11492105,7639581,2273219,1173140,0,834305,1300275.2297376094,1302318.7638483965
20131005,1718,26364686,13966453,26074038,16185006,9889032,290648,1514007,12452446,10249721,2202725,618055,105978,0,789974,1305221.3341094295,1298004.667636787
20131006,1744,38730653,13464528,38442637,26616850,11825787,288016,2931570,10532958,8922594,1610364,1354301,332821,0,1244448,1300250.2161697247,1285762.759174312
20131007,1744,42797733,28894400,42511148,29976033,12535115,286585,6620676,22273724,7474553,14799171,4952671,181400,0,1486605,1308222.3107798165,1300250.2161697247
20131008,1765,109806912,77856096,109484867,70814343,38670524,322045,7122908,70733188,11651151,59082037,3069548,2345844,0,1707516,1310759.504815864,1292657.0594900849
20131009,1780,72422299,33999376,72136946,38830790,33306156,285353,8883001,25116375,10678490,14437885,6629023,682519,0,1571459,1321299.6904494383,1299713.7786516855
20131010,1795,72094613,52244531,71796476,36544934,35251542,298137,7061370,45183161,11880117,33303044,3916813,1663448,0,1481109,1321316.730362117,1310258.1888579386
20131011,1823,82674757,27666473,82372594,43296363,39076231,302163,3564500,24101973,12783375,11318598,1178582,743552,0,1642366,1331196.8266593528,1301022.2331321996
20131012,1846,81901136,31322983,81593823,42609762,38984061,307313,6943327,24379656,6524375,17855281,5026766,434681,0,1481880,1342009.73347779,1314610.9507042253
20131013,1880,71149981,31850475,70845311,32822745,38022566,304670,4273577,27576898,10611383,16965515,1846435,221320,0,2205822,1338643.3372340426,1317739.344680851
20131014,1910,130315300,40652625,130020702,75489865,54530837,294598,7783174,32869451,14896890,17972561,1246108,2678841,0,3858225,1364561.3345549738,1317617.5256544503
20131015,1966,85704304,35099198,85388933,41656981,43731952,315371,7010950,28088248,10639886,17448362,2290112,821219,0,3899619,1351432.988301119,1325692.8530010174
20131016,2002,100948091,51261982,100610077,49684423,50925654,338014,8108405,43153577,8534326,34619251,5552783,251813,0,2303809,1351949.7322677323,1327131.496003996
20131017,2105,87203217,23274764,86867001,35808629,51058372,336216,5594997,17679767,4512267,13167500,1834809,600722,0,3159466,1316167.1339667458,1285797.3225653206
20131018,2129,98151450,15938355,97805294,49716816,48088478,346156,4197983,11740372,9265936,2474436,961210,473625,0,2763148,1339945.9426961015,1301330.1160169092
20131019,2170,53148443,26684697,52794624,17807708,34986916,353819,7939723,18744974,7947251,10797723,5353874,1441492,0,1144357,1326824.266359447,1314628.991705069
20131020,2231,47766681,50884342,47414924,23808286,23606638,351757,4669856,46214486,3590393,42624093,1716851,585387,0,2367618,1289148.8108471537,1290546.2384580905
20131021,2270,106030290,45781403,105669458,38771841,66897617,360832,15776938,30004465,12306385,17698080,9194806,3614460,0,2967672,1293541.7991189428,1267000.4392070484
20131022,2319,145611496,96172537,145262654,80208449,65054205,348842,17065810,79106727,39792495,39314232,13865208,522130,0,2678472,1287528.608451919,1266209.5230702888
20131023,2333,106093112,73788462,105727597,55822529,49905068,365515,12090715,61697747,24671186,37026561,8332890,1460982,0,2296843,1293649.1611658807,1279802.333047578
20131024,2366,69530830,58183921,69158484,20287230,48871254,372346,7363228,50820693,24085834,26734859,1924964,1541584,0,3896680,1280401.6914623838,1275605.8719357566
20131025,2366,69936453,52225802,69558797,26323562,43235235,377656,11129979,41095823,15388480,25707343,7830378,1266472,0,2033129,1287887.1737109045,1280401.6914623838
20131026,2379,55752506,49357211,55373965,14759985,40613980,378541,4620277,44736934,3869269,40867665,2086856,705090,0,1828331,1283537.767129046,1280849.5388818833
20131027,2396,68007543,46520570,67634331,36450109,31184222,373212,11575035,34945535,22721764,12223771,1494793,8358800,0,1721442,1283398.7149415694,1274430.8631051753
20131028,2426,129993375,55089464,129632574,67259575,62372999,360801,12996206,42093258,16468981,25624277,7322112,2547181,0,3126913,1298403.6405605935,1267528.1619950535
20131029,2470,102050144,43052468,101671985,50888468,50783517,378159,5155539,37896929,22855535,15041394,2120041,725115,0,2310383,1299159.8817813764,1275274.1829959515
20131030,2524,109663260,63908701,109262475,57375950,51886525,400785,7047733,56860968,22494418,34366550,4366929,378390,0,2302414,1289492.6572900158,1271364.8605388273
20131031,2558,90926701,55607833,90518963,33377309,57141654,407738,9967594,45640239,9460426,36179813,4060566,3160180,0,2746848,1286160.4124315872,1272353.1927286943
20131101,2627,150904945,66933119,150490888,97662024,52828864,414057,8910803,58022316,20798916,37223400,3217695,2869447,0,2823661,1284343.4187285877,1252378.5059002663
20131102,2656,62132300,26705506,61714348,23865307,37849041,417952,9215431,17490075,7143672,10346403,5172815,297898,0,3744718,1283658.4920933736,1270320.090737952
20131103,2663,68707870,30895754,68291959,30519678,37772281,415911,8410792,22484962,14516429,7968533,5410546,1169600,0,1830646,1294483.316184754,1280284.24896733
20131104,2734,300027403,130970051,299614565,237955005,61659560,412838,7225760,123744291,8145407,115598884,4940631,382233,0,1902896,1322701.6909290417,1260866.5219458668
20131105,2950,180904814,82689864,180478015,64596913,115881102,426799,12228633,70461231,14710337,55750894,7907915,1180483,0,3140235,1259146.2281355932,1225853.0247457628
20131106,3061,181474910,131707820,181014598,38422060,142592538,460312,19226831,112480989,49152384,63328605,8731137,5706353,0,4789341,1229744.6791898073,1213486.2375040837
20131107,3183,167963464,83306452,167495139,39534732,127960407,468325,13495904,69810548,18133158,51677390,7810282,2117359,0,3568263,1209206.8724473766,1182610.2617027962
20131108,3280,231749471,92856307,231270156,124106307,107163849,479315,10129799,82726508,13757231,68969277,4465354,1422089,100000,4142356,1215792.267987805,1173446.7911585367
20131109,3367,126467028,45885771,125980699,36733104,89247595,486329,10908069,34977702,7874091,27103611,4203716,1752651,0,4951702,1208310.0374220375,1184377.3801603802
20131110,3673,164813471,85293644,164328004,48481839,115846165,485467,21808380,63485264,25181514,38303750,11159716,2940939,0,7707725,1129294.7789273073,1107644.948543425
20131111,3556,147986439,227124951,147425452,69094170,78331282,560987,180655486,46469465,7155297,39314168,15570919,2442223,51972859,110669485,1144196.0660854892,1166450.99071991
20131112,3484,148469647,131263524,147913613,75656414,72257199,556034,12308127,118955397,13535932,105419465,3806993,3080495,0,5420639,1172780.5206659012,1167841.9090126292
20131113,3527,174554976,79121440,174000238,104660075,69340163,554738,14898738,64222702,36973694,27249008,8878581,2195166,0,3824991,1185540.365749929,1158482.3742557415
20131114,3528,167996058,52554150,167462695,85700589,81762106,533363,8088009,44466141,22737277,21728864,4529112,630803,0,2928094,1217925.9574829931,1185204.3282312925
20131115,3562,124270704,58210254,123661256,44129861,79531395,609448,9874031,48336223,13669346,34666877,5240277,1483524,100000,3050230,1224846.4985962943,1206300.611454239
20131116,3604,118085705,28996272,117530834,62614420,54916414,554871,7299663,21696609,15626737,6069872,3919184,790100,0,2590379,1235292.081298557,1210572.4827968923
20131117,3630,111786622,42358155,111233475,45938489,65294986,553147,10008509,32349646,17699482,14650164,4174258,2486719,0,3347532,1245570.558677686,1226444.2592286502
20131118,3685,195766477,136916782,195210552,94427782,100782770,555925,14312742,122604040,41227427,81376613,7048432,3787533,0,3476777,1242950.0198100407,1226979.9533242877
20131119,3725,131365419,70308235,130801756,47990602,82811154,563663,14639949,55668286,15545895,40122391,4949257,5855587,0,3835105,1245994.0958389263,1229602.9055033557
20131120,3766,166163002,86951218,165560984,56087750,109473234,602018,13264281,73686937,22879788,50807149,7922364,859690,0,4482227,1253462.5042485395,1232429.1043547532
20131121,3773,221166938,74733962,220554500,118123549,102430951,612438,8839246,65894716,16100622,49794094,3088167,1183384,0,4567695,1289947.7251523987,1251136.9708454811
20131122,3801,128528687,82717921,127901717,42947137,84954580,626970,20387183,62330738,24678325,37652413,13442143,1611841,0,5333199,1292497.640883978,1280445.3478032097
20131123,3885,89109018,48882131,88464354,28994052,59470302,644664,6482889,42399242,11475436,30923806,3509414,604272,0,2369203,1274906.157014157,1264551.7459459458
20131124,3910,102394991,85555947,101754797,57943382,43811415,640194,7319621,78236326,9204891,69031435,2501180,1942400,0,2876041,1271061.2439897698,1266754.5831202045
20131125,3964,147143602,70113127,146505434,74040394,72465040,638168,23796084,46317043,9657210,36659833,13167661,6065709,0,4562714,1273178.5920787083,1253746.0807265388
20131126,4001,258037702,65802983,257385328,167619964,89765364,652374,16533187,49269796,10910790,38359006,8680134,2532582,0,5320471,1309451.3016745814,1261404.633591602
20131127,4033,134774128,86129498,134089685,57779508,76310177,684443,13441519,72687979,8395361,64292618,5137580,3153300,200000,4950639,1311123.0567815523,1299061.4078849491
20131128,4049,139760425,61453591,139046863,58319586,80727277,713562,12326030,49127561,20095247,29032314,8471773,408316,0,3445941,1325281.828105705,1305942.032106693
20131129,4092,122536344,123982166,121810671,43456530,78354141,725673,12980677,111001489,15313495,95687994,9039014,988414,0,2953249,1311002.028347996,1311355.3572825023
20131130,4139,116865492,119660311,116137403,58697397,57440006,728089,10367540,109292771,21919187,87373584,4991581,1458535,0,3917424,1295439.8359507127,1296115.0761053395
20131201,4186,137889992,94632233,137174775,59786618,77388157,715217,20461768,74170465,15707290,58463175,13543472,1865397,0,5052899,1291228.6765408504,1280894.7637362638
20131202,4240,345313258,128465086,344606438,181458812,163147626,706820,31233938,97231148,47382011,49849137,14717973,12764195,0,3751770,1325927.2198113208,1274783.783018868
20131203,4266,268666856,101662045,267952466,96712045,171240421,714390,25720023,75942022,22917759,53024263,8188232,12419820,0,5111971,1356993.9575714956,1317846.0881387717
20131204,4292,219456372,69981329,218681591,102384322,116297269,774781,15845867,54135462,7852080,46283382,9118849,1874880,0,4852138,1383600.0153774463,1348773.584109972
20131205,4334,190825287,118256819,190022709,69146648,120876061,802578,13825962,104430857,39525525,64905332,5882070,3989177,200000,3754715,1386935.7946469774,1370191.8011075219
20131206,4341,152197159,82625571,151391317,55634193,95757124,805842,10624967,72000604,27086231,44914373,4329771,2064010,0,4231186,1400725.9437917531,1384699.3167472933
20131207,4362,138882605,71916047,138063886,70946815,67117071,818719,14079254,57836793,7621422,50215371,4965336,5587990,0,3525928,1409334.6813388355,1393982.4213663456
20131208,4391,124886903,76314292,124072382,39666888,84405494,814521,19207555,57106737,7934169,49172568,13372269,1613192,0,4222094,1411088.7021179686,1400026.8458209976
20131209,4428,174652812,133355299,173818023,58079956,115738067,834789,20902701,112452598,12725637,99726961,13518789,3333858,0,4050054,1408624.2104787715,1399297.762195122
20131210,4473,179471612,147147341,178632183,64157045,114475138,839429,15768961,131378380,27083516,104294864,6462754,2479305,0,6826902,1401679.471272077,1394452.940755645
20131211,4518,239916977,110314592,239051211,138677071,100374140,865766,16209163,94105429,32858604,61246825,7601379,2768439,200000,5639345,1416404.307215582,1387718.5203629925
20131212,4563,140360007,92090275,139456440,37802740,101653700,903567,44454483,47635792,11324110,36311682,10893753,1886838,8750000,22923892,1413014.3309226385,1402435.8229235152
20131213,4577,164672690,90778214,163756758,51626995,112129763,915932,31197293,59580921,23943149,35637772,25801478,446849,0,4948966,1424836.9823028184,1408692.242079965
20131214,4599,129045596,52234651,128124144,60894040,67230104,921452,15765191,36469460,13547421,22922039,8987864,1372372,0,5404955,1434722.725157643,1418021.0628397479
20131215,4648,205882387,54757146,204965245,126617857,78347388,917142,18057269,36699877,8502234,28197643,11377163,1900099,10000,4770007,1452111.6725473322,1419597.6361876077
20131216,4675,196489931,156157326,195558740,76785117,118773623,931191,32671212,123486114,31097965,92388149,17126247,9458650,60649,6025666,1452352.4404278074,1443725.1452406417
20131217,4717,193980797,116537843,193053100,62804752,130248348,927697,12025370,104512473,14476061,90036412,2860389,2459433,0,6705548,1455838.5866016536,1439420.7460250158
20131218,4752,180215804,202220872,179244717,44534059,134710658,971087,10725473,191495399,50257836,141237563,3227970,2372802,0,5124701,1440485.173611111,1445115.8697390573
20131219,4783,233631357,164023344,232618878,97470048,135148830,1012479,15536057,148487287,21715384,126771903,6680578,2910410,0,5945069,1445702.1864938324,1431148.974492996
20131220,4854,133867400,153678963,132849845,39915508,92934337,1017555,19964515,133714448,33286473,100427975,10331829,3140205,0,6492481,1420474.247012773,1424555.739184178
20131221,4890,112000779,83151594,110979622,43066009,67913613,1021157,10610110,72541484,22399613,50141871,6510462,662530,0,3437118,1415916.3967280164,1410016.7678936606
20131222,4935,154543217,83998249,153531785,70446218,83085567,1011432,20715917,63282332,16987033,46295299,11297935,1687092,3230000,4500890,1417300.131306991,1403005.304964539
20131223,4979,198747367,138478245,197669761,70138872,127530889,1077606,24846016,113632229,40662170,72970059,16723533,2593550,0,5528933,1416879.9497891143,1404775.2858003615
20131224,5010,305406334,118607911,304333324,189794936,114538388,1073010,21559120,97048791,25956197,71092594,9827184,5653736,20000,6058200,1445397.9427145708,1408112.8283433134
20131225,5045,380076148,172755480,378896458,207488097,171408361,1179690,27956029,144799451,25199652,119599799,14095850,5859503,1120000,6880676,1476464.6899900893,1435370.4049554013
20131226,5077,220287409,241852564,219035100,86180958,132854142,1252309,21372055,220480509,21879648,198600861,9665563,3971893,200000,7534599,1462911.011621036,1467158.6293086468
20131227,5117,211118967,163522548,209818922,71581657,138237265,1300045,22373377,141149171,16737992,124411179,11444298,3800278,200,7128601,1460776.9444987297,1451475.31874145
20131228,5155,192808006,61383220,191506544,82079222,109427322,1301462,18517636,42865584,10339282,32526302,11610509,1046328,0,5860799,1475503.4744907857,1450008.8506304559
20131229,5176,161473347,55129989,160179393,80308840,79870553,1293954,15925186,39204803,5655465,33549338,7212414,1422026,10100,7280646,1490062.5519706337,1469517.080950541
20131230,5238,286358778,179826624,285062954,121679259,163383695,1295824,20652334,159174290,40393506,118780784,8770053,3669174,0,8213107,1492763.635547919,1472425.309087438
20131231,5258,265851934,134232530,264556746,115229028,149327718,1295188,23640780,110591750,19505479,91086271,11611505,3497088,0,8532187,1512117.7875618106,1487085.5692278433
20140101,5293,330926565,77367755,329555717,93419831,236135886,1370848,21750788,55616967,15782631,39834336,9463186,7180059,0,5107543,1550023.4530511997,1502118.897978462
20140102,5340,434956739,190155450,433531489,145093807,288437682,1425250,22941048,167214402,26734732,140479670,6429483,6583823,0,9927742,1582223.8625468165,1536380.9245318351
20140103,5374,342074805,127714255,340640596,143850914,196789682,1434209,23841309,103872946,27165547,76707399,10507984,4191467,50000,9091858,1612101.9679940455,1572213.5143282472
20140104,5414,186085910,99869074,184607251,49062116,135545135,1478659,21965772,77903302,10496655,67406647,13162251,1833288,0,6970233,1616116.1455485777,1600191.3513114147
20140105,5483,206030707,156781996,204559800,61986069,142573731,1470907,20843557,135938439,37596243,98342196,12945726,2302192,0,5595639,1604760.4455590006,1595778.371694328
20140106,5514,442494042,190917629,441042872,198531158,242511714,1451170,25009899,165907730,35042141,130865589,8546854,9726055,0,6736990,1641363.4269133115,1595738.3973521944
20140107,5560,589726496,137972793,588222460,231240835,356981625,1504036,27531206,110441587,23886191,86555396,11435514,3109835,0,12985857,1709034.4674460432,1627783.801438849
20140108,5621,264025160,213880074,262398195,73458333,188939862,1626965,24398384,189481690,22175353,167306337,6934583,6375874,400000,10687927,1699408.7751289806,1690487.749332859
20140109,5646,280698487,140391237,279057823,115504758,163553065,1640664,25855665,114535572,27071650,87463922,12014226,3339321,1350500,9151618,1716734.674991144,1691883.939957492
20140110,5701,237797636,117259153,236112121,81263442,154848679,1685515,26458750,90800403,26710276,64090127,11533112,3073435,2000000,9852203,1721315.9898263463,1700172.5969128222
20140111,5764,243403438,71530182,241731696,147087308,94644388,1671742,30620108,40910074,14724475,26185599,18421405,6239547,0,5959156,1732320.5610687023,1702502.1613462872
20140112,5836,228255344,141505812,226592609,70170242,156422367,1662735,24005816,117499996,26923654,90576342,10277948,1096208,0,12631660,1725813.0990404387,1710948.5459218642
20140113,5945,447207050,178923772,445546064,140961565,304584499,1660986,21903534,157020238,31182941,125837297,12068315,2562244,20000,7252975,1739298.3219512196,1694170.7730866275
20140114,6076,356907128,159778389,355227951,136709487,218518464,1679177,29631300,130147089,26903661,103243428,14789839,5370473,0,9470988,1734242.4725148124,1701798.637919684
20140115,6136,391408718,177618247,389643679,64750474,324893205,1765039,38808458,138809789,28292066,110517723,9530159,12452440,4851900,11973959,1752126.4234028682,1717284.4300847459
20140116,6215,374947083,153167426,373159557,106140501,267019056,1787526,23865821,129301605,26988051,102313554,9015487,5303850,10000,9536484,1765539.403218021,1729854.824456959
20140117,6241,345426853,127385210,343608394,88624595,254983799,1818459,21879996,105505214,18305723,87199491,10286416,3065433,60000,8468147,1793121.1398814293,1758184.1677615766
20140118,6268,233200688,142869842,231380252,89497089,141883163,1820436,36540346,106329496,31449193,74880303,20036728,5268057,0,11235561,1799808.5322271858,1785397.1017868537
20140119,6268,185082022,117629351,183275869,45738067,137537802,1806153,29952235,87677116,21831199,65845917,14879161,5697300,0,9375774,1810569.9666560306,1799808.5322271858
20140120,6353,335761027,442996084,333912224,66330226,267581998,1848803,45103607,397892477,36654039,361238438,30197607,4605616,0,10300384,1769465.999370376,1786345.4353848575
20140121,6382,412854611,302825136,411045427,105334037,305711390,1809184,48810525,254014611,34959044,219055567,34683255,5373018,0,8754252,1778666.0872767158,1761425.4926355374
20140122,6406,498730606,292856188,496881726,116679482,380202244,1848880,35396154,257460034,50621581,206838453,12674940,15715449,302539,6703226,1804140.0853886981,1772002.336715579
20140123,6428,481450097,209024328,479509602,102994484,376515118,1940495,37120406,171903922,30727063,141176859,17367428,8303009,400000,11049969,1840346.47728687,1797965.3682327317
20140124,6467,614103894,345829001,612133670,144614549,467519121,1970224,37926576,307902425,29754999,278147426,18821020,11004819,0,8100737,1870731.7224369878,1829248.0525746096
20140125,6526,440854623,185524856,438919123,125183326,313735797,1935500,44376079,141148777,33390830,107757947,33052893,4752220,220000,6350966,1892943.888446215,1853818.8858412504
20140126,6600,528402520,331752519,526466645,101475502,424991143,1935875,19451300,312301219,39439760,272861459,9137431,6367843,0,3946026,1901515.4268181818,1871719.9721212122
20140127,6626,657199484,280645861,655298101,196149985,459148116,1901383,36768288,243877573,58856167,185021406,20347842,9737819,0,6682627,1950883.706610323,1894054.001961968
20140128,6683,843424742,248334316,841426055,202335691,639090364,1998687,32950093,215384223,47826061,167558162,21216358,9286252,96536,2350947,2023289.8198413886,1934244.4171779142
20140129,6735,952479658,215164666,950357375,102260088,848097287,2122283,48600473,166564193,38228588,128335605,17973057,24984176,60000,5583240,2117143.4087602077,2007668.2800296957
20140130,6749,227916211,105288105,225754304,44901628,180852676,2161907,18939954,86348151,13588206,72759945,10381715,6449741,0,2108498,2130921.4645132613,2112751.645873463
20140131,6783,87324175,48132389,85045931,20914075,64131856,2278244,10305654,37826735,7796701,30030034,5695091,1312061,0,3298502,2126018.096712369,2120240.1539141973
20140201,6780,64287172,61527060,61983151,14043513,47939638,2304021,11374370,50152690,18881191,31271499,8515995,374269,0,2484106,2127365.9088495574,2126958.812684366
20140202,6793,57912761,24395720,55617117,20359506,35257611,2295644,11592943,12802777,2770284,10032493,7356053,1451501,50000,2735389,2128228.750625644,2123294.6948329164
20140203,6831,84329848,46109194,82037541,22041714,59995827,2292307,20070740,26038454,4221624,21816830,16201671,891510,0,2977559,2121984.8568291613,2116389.6798418975
20140204,6850,83653646,44927333,81355092,14062302,67292790,2298554,14428523,30498810,9930337,20568473,10980803,373534,0,3074186,2121752.535766423,2116099.0594160585
20140205,6883,209043990,95407704,206723577,21148444,185575133,2320413,34014315,61393389,14581824,46811565,18826073,11575400,0,3612842,2128089.6638093856,2111579.960772919
20140206,6940,227860276,111635336,225540877,30213062,195327815,2319399,37275155,74360181,27131322,47228859,17247754,8449817,0,11577584,2127358.227089337,2110611.1175792506
20140207,7075,578818221,273482213,576343567,133973411,442370156,2474654,28411171,245071042,43274926,201796116,9555600,10711762,350000,7793809,2129922.558869258,2086765.5259363959
20140208,7133,358255468,183432237,355819907,40691777,315128130,2435561,29127148,154305089,17759331,136545758,13886035,3396018,908800,10936295,2137112.762512267,2112603.6876489557
20140209,7188,341911234,262954049,339490129,51108036,288382093,2421105,28979242,233974807,22488350,211486457,14553637,5319961,0,9105644,2131744.9248747914,2120760.341541458
20140210,7306,647465140,431753411,645043184,125447760,519595424,2421956,52832088,378921323,31775846,347145477,24745375,11119259,6295100,10672354,2126840.165480427,2097314.8809197918
20140211,7358,818803205,243058162,816390370,245808059,570582311,2412835,39473499,203584663,30415422,173169241,18333333,10147754,2900000,8092412,2190056.984506659,2111809.492932862
20140212,7443,763009770,354585919,760453811,182145168,578308643,2555959,49996692,304589227,48908222,255681005,32197400,9476462,200000,8122830,2219919.809619777,2165046.2571543735
20140213,7479,626698794,362757986,624058677,111451545,512607132,2640117,49969512,312788474,33636126,279152348,18145364,22342585,0,9481563,2244525.1973525872,2209234.2750367695
20140214,7604,490710434,263261899,488021625,133959311,354062314,2688809,114214873,149047026,47348366,101698660,20723108,14158629,66400000,12933136,2237539.7798527093,2207628.0840347186
20140215,7669,255393179,121463693,252650784,50504975,202145809,2742395,23332090,98131603,26924012,71207591,5267476,10252720,2000,7809894,2236038.8540878864,2218575.105750424
20140216,7721,331324628,183057224,328597307,61936172,266661135,2727321,27525012,155532212,34056657,121475555,8113290,8867039,600000,9944683,2240182.5380132105,2220979.403186116
20140217,7826,706118060,405809267,703414276,101445973,601968303,2703784,25038922,380770345,67346083,313424262,4229717,8624234,0,12184971,2248499.638257092,2210126.421671352
20140218,7889,593563145,271125324,590856887,81848295,509008592,2706258,41210804,229914520,48672510,181242010,10186242,13450561,800000,16774001,2271415.3872480667,2230543.5630624923
20140219,7900,408367966,323990451,405532115,45373979,360158136,2835851,27154783,296835668,37714675,259120993,12388897,4284479,410000,10071407,2278933.3550632913,2268252.6569620254
20140220,8005,478925191,230855410,476045215,102087332,373957883,2879976,42179906,188675504,35175830,153499674,18477114,6298735,400000,17004057,2280030.391755153,2249041.0374765773
20140221,8065,353981687,178914448,351086615,52081757,299004858,2895072,35272987,143641461,38164915,105476546,18613738,9106001,200000,7353248,2284775.018598884,2263067.983384997
20140222,8079,282022706,134735118,279083130,97883214,181199916,2939576,37388618,97346500,13927043,83419457,18635912,7360790,250000,11141916,2299046.6781779923,2280815.759995049
20140223,8158,337053711,195214052,334129711,70825865,263303846,2924000,27025520,168188532,22090461,146098071,18202900,1758155,0,7064465,2294169.866633979,2276783.2940671733
20140224,8280,656317045,473470156,653397733,203203164,450194569,2919312,38373586,435096570,38390594,396705976,18666250,5194943,100000,14412393,2282449.8382850243,2260366.8806763287
20140225,8344,563505889,299155352,560651569,134346664,426304905,2854320,50699394,248455958,43867571,204588387,27591630,9923101,140000,13044663,2296624.5443432406,2264943.0322387344
20140226,8402,680801145,284819682,677828663,202317738,475510925,2972482,53686988,231132694,44707073,186425621,34530463,3973616,10000,15172909,2327900.1024756012,2280770.6734110927
20140227,8440,672909288,492786036,669926875,141301002,528625873,2982413,61051395,431734641,33471939,398262702,31417663,12043988,1200000,16389744,2338760.653199052,2317419.035663507
20140228,8454,428721754,322030204,425722217,86054744,339667473,2999537,48124571,273905633,40145953,233759680,28938140,4281597,3230000,11674834,2347507.8617222616,2334887.616867755
20140301,8491,362865580,211279011,359812461,103652657,256159804,3053119,39537010,171742001,46757660,124984341,16236939,11679842,200000,11420229,2355131.0837357203,2337278.4669650216
20140302,8532,276202230,246199417,273172567,90720059,182452508,3029663,46033199,200166218,38505331,161660887,24814295,6693602,100000,14425302,2347330.1506094704,2343813.646507267
20140303,8595,505305862,513017360,502322723,139970256,362352467,2983139,45213317,467804043,65897484,401906559,13301127,11634038,0,20278152,2329227.381849913,2330124.5892961025
20140304,8638,524146340,250562978,521192622,206653555,314539067,2953718,44291502,206271476,42801499,163469977,13248763,13002493,200000,17840246,2349304.550706182,2317632.4782357025
20140305,8682,454295491,209072753,451245946,91287267,359958679,3049545,48032386,161040367,44777164,116263203,21573262,17519904,500000,8439220,2365643.336443216,2337398.3769868696
20140306,8748,561787770,243149884,558722119,240492858,318229261,3065651,30563498,212586386,34572653,178013733,12569692,10468619,230000,7295187,2384219.6311156834,2347795.547210791
20140307,8789,380139779,291087220,377058943,95021643,282037300,3080836,42629946,248457274,37427390,211029884,15219807,11707169,300000,15402970,2383229.706678803,2373097.43235863
20140308,8823,243274169,140323202,240156774,54611908,185544866,3117395,43290047,97033155,21505157,75527998,20009862,7517068,0,15763117,2385714.2535418794,2374045.777173297
20140309,8858,244752519,206312503,241650547,68363391,173287156,3101972,31892792,174419711,26451130,147968581,12028402,3778937,0,16085453,2380627.328403703,2376287.746556785
20140310,8887,497338076,308040624,494278563,146463415,347815148,3059513,53902450,254138174,66525423,187612751,31128809,11391360,0,11382281,2394159.370653764,2372858.8809497016
20140311,8940,430500816,496039886,427448087,194534475,232913612,3052729,47244953,448794933,27674624,421120309,25105453,10878123,0,11261377,2372634.8162192395,2379965.808389262
20140312,8990,377007897,416491268,373891397,132571107,241320290,3116500,34788679,381702589,65733259,315969330,14853107,10147331,0,9788241,2355046.9283648496,2359438.849499444
20140313,9019,346286910,316973542,343188988,102654466,240534522,3097922,47886605,269086937,55076814,214010123,28036133,11078163,0,8772309,2350724.609601951,2347474.430202905
20140314,9063,315897431,311575572,312802600,77247724,235554876,3094831,44371878,267203694,33333597,233870097,14641147,16992883,0,12737848,2339788.9344587885,2339312.0659825667
20140315,9092,287407002,242799048,284310353,62427388,221882965,3096649,34294409,208504639,17959278,190545361,11529715,12385767,0,10378927,2337232.189507259,2332325.9033216015
20140316,9111,269387391,390584547,266319616,71014819,195304797,3067775,19600978,370983569,25259589,345723980,9109958,1489905,0,9001115,2319055.856766546,2332358.1458676327
20140317,9167,339008082,440624592,336026313,70763233,265263080,2981769,50250618,390373974,54475186,335898788,14133944,12153500,0,23963174,2293804.014508563,2304889.04887095
20140318,9178,435479117,410240726,432490715,149391004,283099711,2988402,54642238,355598488,31133912,324464576,14884614,13768856,400000,25588768,2293804.7278274135,2291054.8486598385
20140319,9245,359014064,429298917,355963833,76164526,279799307,3050231,30164627,399134290,51068160,348066130,9159892,5923150,100000,14981585,2269578.684586263,2277181.1565170363
20140320,9313,365011495,336076380,361964978,159168755,202796223,3046517,36054285,300022095,26850670,273171425,15617501,9694564,10000,10732220,2256114.039944164,2253007.0803178353
20140321,9341,282351818,259655286,279298412,81707625,197590787,3053406,39994785,219660501,49883826,169776675,14312959,6599091,0,19082735,2251781.0283695534,2249351.252970774
20140322,9352,191700135,138039412,188663159,104204913,84458246,3036976,33200246,104839166,21342777,83496389,18996630,4236366,0,9967250,2254870.3281650986,2249132.4407613343
20140323,9394,167456369,186443311,164431433,61783931,102647502,3024936,30812667,155630644,23200850,132429794,17490217,4597217,0,8725233,2242767.763146689,2244788.940706834
20140324,9469,313180334,437825259,310195156,121357732,188837424,2985178,38247589,399577670,35544574,364033096,21650053,4961853,500000,11135683,2211840.262118492,2225003.7350300984
20140325,9493,314345006,312710515,311396094,94883459,216512635,2948912,47181167,265529348,43213212,222316136,13937470,21295497,0,11948200,2206420.5133256083,2206248.3347729906
20140326,9512,272935544,450254233,269973892,118271061,151702831,2961652,38674025,411580208,51808075,359772133,20212220,5598087,0,12863718,2183371.6614802354,2202013.2393818335
20140327,9553,266231082,359071642,263304080,106411792,156892288,2927002,36993856,322077786,33134383,288943403,20201000,4421787,0,12371069,2164282.4959698524,2174000.96765414
20140328,9579,225966355,405443946,223056705,69697401,153359304,2909650,37979942,367464004,35799401,331664603,14429832,9811169,0,13738941,2139671.478546821,2158408.047186554
20140329,9637,160250985,155006056,157359026,54547795,102811231,2891959,31519710,123486346,32626204,90860142,17664795,4687901,100000,9067014,2127338.1780637125,2126793.9289197885
20140330,9674,205533934,264714811,202657833,64340475,138317358,2876101,34723348,229991463,45887646,184103817,14600415,9441313,0,10681620,2113084.261422369,2119201.780235683
20140331,9738,398884905,423852634,396026448,154073551,241952897,2858457,48345100,375507534,56545010,318962524,15131526,19797628,210000,13205946,2096632.718833436,2099196.667180119
20140401,9798,453320585,277429358,450478122,146539591,303938531,2842463,49540539,227888819,37116613,190772206,16208162,13781112,280000,19271265,2101745.3197591347,2083793.5717493366
20140402,9812,355347118,272612066,352449616,141024158,211425458,2897502,51040952,221571114,28301147,193269967,16141646,21068826,200000,13630480,2107178.5257847533,2098746.4984712596
20140403,9873,363877120,266605457,360958034,165866758,195091276,2919086,45762040,220843417,46915541,173927876,12047671,14437186,380000,18897183,2104011.6841892027,2094159.393801276
20140404,9858,251895894,200192637,248968008,62838487,186129521,2927886,37871189,162321448,35154471,127166977,14199433,12740751,1000000,9931005,2112457.9645972815,2107213.162710489
20140405,9864,202336542,163199682,199391149,68763348,130627801,2945393,43889726,119309956,23061774,96248182,19793373,13249520,0,10846833,2115140.660482563,2111173.0144971614
20140406,9885,129477254,139576683,126550557,36688261,89862296,2926697,29557907,110018776,41472248,68546528,21741519,1500329,0,6316059,2109625.4978249874,2110647.1901871525
20140407,9922,196936223,176966561,194021386,64582752,129438634,2914837,40119763,136846798,35095605,101751193,16019023,11785356,0,12315384,2103771.186051199,2101758.5210643015
20140408,9951,354770149,250015131,351854096,104834487,247019609,2916053,44570398,205444733,31814997,173629736,19314599,7143351,1500000,16612448,2108167.292332429,2097640.20781831
20140409,10001,383347565,289330278,380410136,150308931,230101205,2937429,50308002,239022276,37522743,201499533,18615068,12029732,5000000,14663202,2107028.298470153,2097627.509849015
20140410,10042,386567460,286914864,383627601,164835943,218791658,2939859,53154622,233760242,44846276,188913966,22256126,18501491,0,12397005,2108349.194284007,2098425.6137223663
20140411,10074,237829882,277077434,234895147,71143892,163751255,2934735,84205696,192871738,31674982,161196756,22915837,19982491,30000000,11307368,2097756.11048243,2101652.0358348223
20140412,10066,177642053,123295320,174695525,63462337,111233188,2946528,39287860,84007460,23075537,60931923,18311613,10760873,1000000,9215374,2104822.3514802307,2099423.3118418436
20140413,10138,208172985,178934722,205239452,95888440,109351012,2933533,50587988,128346734,16961535,111385199,21354731,7508517,6000000,15724740,2092757.9456500297,2089873.9189189188
20140414,10165,309853269,415986984,306943182,110231602,196711580,2910087,40950669,375036315,48560908,326475407,16499997,13988693,1600000,8861979,2076758.124741761,2087199.2181997048
20140415,10181,428681231,285293076,425805725,166536898,259268827,2875506,35499014,249794062,25902576,223891486,8301757,11161767,0,16035490,2087578.2823887633,2073494.3854238286
20140416,10206,387847838,255914640,384939019,153844890,231094129,2908819,43923418,211991222,34265047,177726175,11575616,14041543,500000,17806259,2095391.7000783852,2082464.6769547325
20140417,10215,355792647,265341592,352880124,159555287,193324837,2912523,38627405,226714187,43037306,183676881,13706522,15642976,0,9277907,2102400.268820362,2093545.5399902104
20140418,10251,239300383,225952909,236377510,73108437,163269073,2922873,32020413,193932496,42736396,151196100,12809085,7519332,100000,11591996,2096319.0147302703,2095016.94917569
20140419,10263,268729366,146374940,265789873,146828058,118961815,2939493,33261685,113113255,27904791,85208464,10339303,6045501,100000,16776881,2105789.79304297,2093867.8963266101
20140420,10280,191259529,161057781,188336377,71649902,116686475,2923152,35438855,125618926,40827019,84791907,13594139,11989773,200000,9654943,2105245.369066148,2102307.455836576
20140421,10318,301134667,295635256,298219498,109912061,188307437,2915169,65340198,230295058,40422597,189872461,26604522,9785580,10000000,18950096,2098024.985946889,2097491.9939910835
20140422,10304,285248757,268810141,282350142,94938709,187411433,2898615,46610311,222199830,46793868,175405962,20659354,9066361,3500000,13384596,2102470.925951087,2100875.5633734474
20140423,10330,313677307,278470936,310757394,101574511,209182883,2919913,47960929,230510007,59708761,170801246,19546607,6627122,0,21787200,2100587.2983543077,2097179.130784124
20140424,10373,318358891,224536754,315468612,141918866,173549746,2890279,43022139,181514615,33308384,148206231,18081663,7820522,0,17119954,2100924.412320447,2091879.571194447
20140425,10409,220927432,227764292,218042417,83493221,134549196,2885015,41053152,186711140,30947018,155764122,22010904,6160902,0,12881346,2093001.4476894995,2093658.2696704774
20140426,10421,151625415,158122962,148727987,56777731,91950256,2897428,34986838,123136124,19403230,103732894,20485811,4358700,0,10142327,2089967.8075040784,2090591.3126379426
20140427,10446,146837951,191915377,143955720,61671443,82284277,2882231,28315151,163600226,56209644,107390582,13113694,5166372,500000,9535085,2080650.6888761248,2084965.9699406473
20140428,10484,324937272,327724735,322059893,125000679,197059214,2877379,53228205,274496530,58440825,216055705,29942962,9068195,0,14217048,2072843.3453834415,2073109.223197253
20140429,10457,330607104,307578349,327753580,127521090,200232490,2853524,48275458,259302891,68367067,190935824,16959147,12786405,5500000,13029906,2080397.6654872333,2078195.4320550826
20140430,10492,260091330,281835975,257193410,79931074,177262336,2897920,61314568,220521407,48418212,172103195,32431548,14736022,2000000,12146998,2071385.2214067862,2073457.7190240184
20140501,10513,193045106,143362755,190175350,58404844,131770506,2869756,46481549,96881206,18924739,77956467,20007633,15114464,0,11359452,2071973.3752496908,2067247.5737658138
20140502,10516,125336258,121222064,122453074,33113882,89339192,2883184,24171256,97050808,24940239,72110569,8038233,5887972,0,10245051,2071773.515405097,2071382.2835678966
20140503,10526,185094488,199568043,182203439,54073496,128129943,2891049,41506485,158061558,44076367,113985191,19600662,11321084,80000,10504739,2068430.2425422762,2069805.2715181455
20140504,10555,303087562,413222034,300180905,88981143,211199762,2906657,65972622,347249412,53215849,294033563,30053897,18155143,2000000,15763582,2052312.8622453813,2062747.2035054476
20140505,10612,370924149,309330781,368099706,102948704,265151002,2824443,66043856,243286925,50320676,192966249,19063438,18803977,9800000,18376441,2047093.4441198644,2041289.3197323785
20140506,10624,318002728,341108696,315096777,81567892,233528885,2905951,61126871,279981825,43725251,236256574,28463064,19529487,0,13134320,2042606.3310429216,2044781.2150790663
20140507,10656,417327518,239372999,414463880,164553784,249910096,2863638,40650214,198722785,50672610,148050175,15217788,10674770,200000,14557656,2053172.314189189,2036472.3780968469
20140508,10671,392838756,273187499,390000657,156177372,233823285,2838099,47941936,225245563,31709467,193536096,21313500,12667055,500000,13461381,2061498.9632649235,2050286.2131009276
20140509,10715,281479009,247743971,278616335,127662531,150953804,2862674,48319772,199424199,25566249,173857950,19011357,12793116,0,16515299,2056182.0321978536,2053033.638544097
20140510,10705,287240171,147248328,284388148,79585779,204802369,2852023,38040745,109207583,28255521,80952062,17043831,7918673,0,13078241,2071180.0390471742,2058102.8000934143
20140511,10753,182424063,152945581,179585742,55148430,124437312,2838321,38400973,114544608,22454098,92090510,23244761,4769740,0,10386472,2064675.9787966148,2061934.5594717753
20140512,10767,325108597,293952908,322293245,95909491,226383754,2815352,48093256,245859652,34572657,211286995,23459482,11948012,0,12685762,2064884.9715798271,2061991.343921241
20140513,10788,275241493,257918375,272439137,91142159,181296978,2802356,61456142,196462233,20219614,176242619,22002316,20692588,0,18761238,2062471.2279384502,2060865.4513348164
20140514,10790,305474522,316225442,302621995,100837254,201784741,2852527,45318037,270907405,25171614,245735791,12943426,21431187,0,10943424,2061092.5567191844,2062088.9348470806
20140515,10824,313367089,238307643,310522196,93964517,216557679,2844893,37879297,200428346,39601697,160826649,13850161,10501873,0,13527263,2061552.8578159646,2054618.3191980782
20140516,10849,231967423,282094916,229109632,72479256,156630376,2857791,37551420,244543496,40061114,204482382,17461049,8162758,0,11927613,2052181.8268964882,2056802.2981841643
20140517,10868,170983868,145854372,168161205,50405690,117755515,2822663,32944450,112909922,36624963,76284959,14418686,8480027,400000,9645737,2050906.3430253956,2048594.0964298858
20140518,10874,164419642,153440019,161609998,51132867,110477131,2809644,40062277,113377742,26863477,86514265,13566710,11286898,0,15208669,2050784.4177855435,2049774.7044325916
20140519,10914,259077930,293791406,256179008,71313677,184865331,2898922,51391608,242399798,60660169,181739629,23700171,11164863,400000,16126574,2040087.6198460693,2043268.2571925966
20140520,10930,453955303,260040720,451059660,243711613,207348047,2895643,47536760,212503960,22815508,189688452,15528877,17605031,1000000,13402852,2054842.7141811529,2037101.2152790485
20140521,10971,297799722,250223726,294888620,130386891,164501729,2911102,45455883,204767843,29873517,174894326,18485493,13919627,0,13050763,2051500.0329960806,2047163.5097985598
20140522,10999,344636549,251108485,341774952,167436704,174338248,2861597,45562332,205546153,29111692,176434461,24143791,7775269,0,13643272,2054780.8824438585,2046277.5581416492
20140523,11029,249546195,229000787,246693653,114513174,132180479,2852542,60184458,168816329,29314656,139501673,28793597,10088986,10000000,11301875,2051054.5229848581,2049191.6697796718
20140524,11039,160073254,154409868,157281426,57666965,99614461,2791828,30780112,123629756,24105065,99524691,13101159,6501748,0,11177205,2049709.5497780596,2049196.5154452396
20140525,11053,166943526,231004758,164165899,67087564,97078335,2777627,45685873,185318885,32503867,152815018,21733826,12497423,0,11454624,2041317.5145209446,2047113.3375554148
20140526,11082,344890868,274707572,342134083,145189089,196944994,2756785,54429404,220278168,32625021,187653147,27300907,15985537,200000,10942960,2042308.7695361848,2035975.6802021295
20140527,11084,299049555,321965845,296280007,95780761,200499246,2769548,54053714,267912131,39321226,228590905,19319758,10194500,12000000,12539456,2039872.7439552508,2041940.2547816674
20140528,11081,276134813,415891684,273325022,78926517,194398505,2809791,74293409,341598275,45105847,296492428,35485858,18938486,0,19869065,2027812.7085100622,2040425.006226875
20140529,11093,320549863,313827800,317800649,135204257,182596392,2749214,54803737,259024063,44776734,214247329,25441561,13327616,200000,15834560,2026225.068601821,2025619.0951951682
20140530,11100,226547701,312802179,223709770,95966704,127743066,2837931,52407524,260394655,39094557,221300098,21152886,18218269,2000000,11036369,2017176.5953153153,2024947.269009009
20140531,11110,146823669,142862063,144080973,52834335,91246638,2742696,23557943,119304120,41776332,77527788,11247495,3221185,0,9089263,2015717.5350135013,2015360.9548154816
20140601,11116,183489775,149829253,180762669,55046557,125716112,2727106,33825537,116003716,32936169,83067547,16044694,6016423,0,11764420,2017657.6408780136,2014629.526268442
20140602,11141,158219402,170409506,155516287,48900709,106615578,2703115,38668393,131741113,42274603,89466510,14726755,12756543,0,11185095,2012035.9242437843,2013130.0902971008
20140603,11180,270887462,385622582,268143582,83629149,184514433,2743880,55464815,330157767,42540883,287616884,27864412,11417502,3000000,13182901,1994754.6611806797,2005017.1942754919
20140604,11178,274460744,303978838,271682147,71225908,200456239,2778597,54260600,249718238,28188601,221529637,25227583,8072245,0,20960772,1992470.8371801754,1995111.5684380033
20140605,11221,380042567,355645445,377223821,128566594,248657227,2818746,89226348,266419097,62031088,204388009,24584802,21082940,33700000,9858606,1987009.7264058462,1984835.4886373763
20140606,11234,301413900,274862067,298679366,111954129,186725237,2734534,55681761,219180306,55267471,163912835,24165597,13959940,5000000,12556224,1987073.8804521987,1984710.3560619547
20140607,11237,187801995,146203577,185054361,70098919,114955442,2747634,38318930,107884647,37280499,70604148,20423178,4423930,1500000,11971822,1990245.2959864733,1986543.3810625612
20140608,11241,302171269,169525332,299436270,185513854,113922416,2734999,36440988,133084344,36849979,96234365,10826548,12990744,0,12623696,2001337.2767547371,1989537.0866470954
20140609,11292,366114374,287520152,363337491,145389158,217948333,2776883,52422163,235097989,36264508,198833481,19511066,17257000,500000,15154097,1999258.4617428267,1992298.2933049947
20140610,11299,354031597,298190025,351275811,104890851,246384960,2755786,68280581,229909444,43253854,186655590,16761012,21113167,11000000,19406402,2002962.042835649,1998019.8734401274
20140611,11333,327661453,246127540,324824312,114930250,209894062,2837141,80918118,165209422,22604403,142605019,23969444,32366329,150000,24432345,2004147.36036354,1996952.979969999
20140612,11349,332365185,236467885,329539251,112210380,217328871,2825934,75247726,161220159,44402104,116818055,22460256,11796443,30000000,10991027,2009771.7274649749,2001321.8816635828
20140613,11379,216923770,386799040,214045806,51040378,163005428,2877964,56967852,329831188,44823413,285007775,21637898,21161652,1500000,12668302,1989544.2538887425,2004473.0938571051
20140614,11390,181574530,229916191,178733395,59184032,119549363,2841135,29831979,200084212,36576832,163507380,9471664,8120370,2000000,10239945,1983378.6131694468,1987622.8327480245
20140615,11407,166080126,116623756,163263976,41933752,121330224,2816150,30194033,86429723,25396456,61033267,16127815,5219992,100000,8746226,1984758.37415622,1980422.758306303
20140616,11433,387308484,492349489,384522342,120664648,263857694,2786142,58644674,433704815,28981923,404722892,13282813,22429553,2000000,20932308,1971057.270095338,1980244.797865827
20140617,11451,270350693,502560223,267626738,87121582,180505156,2723955,46759557,455800666,37324504,418476162,9551608,21318782,0,15889167,1947680.3981311675,1967958.935376823
20140618,11487,335262709,421920230,332565225,131652090,200913135,2697484,43682078,378238152,57752818,320485334,11501811,12388710,2000000,17791557,1934032.4469400193,1941576.411508662
20140619,11497,338609087,284956260,335998519,177935245,158063274,2610568,45420417,239535843,47067117,192468726,15782426,14463276,0,15174715,1937016.9213707924,1932350.2407584586
20140620,11502,251582530,286583065,248879061,71879168,176999893,2703469,44882716,241700349,35442161,206258188,15957518,16500635,0,12424563,1933131.8909754825,1936174.8865414711
20140621,11528,177999186,231003775,175409451,55976436,119433015,2589735,54561773,176442002,24826865,151615137,20497072,19444316,1500000,13120385,1924174.0476231785,1928771.9474323387
20140622,11541,147180819,361285652,144611888,41425751,103186137,2568931,49236322,312049330,31032946,281016384,22699462,10857518,0,15679342,1903454.9508708084,1922006.6216965602
20140623,11562,232227670,373779624,229685312,80147560,149537752,2542358,47744484,326035140,31937942,294097198,21190473,7806701,1151200,17596110,1887754.8550423803,1899997.715620135
20140624,11577,245450766,428471509,242915326,78189756,164725570,2535440,80582484,347889025,41106958,306782067,33134967,23484154,7000000,16963363,1869499.9473956984,1885308.94307679
20140625,11594,264663201,547295931,262227341,79464890,182762451,2435860,79096124,468199807,60137721,408062086,32102563,20284275,6100000,20609286,1842381.2455580472,1866758.7451267897
20140626,11622,297628039,418742109,295269783,93994567,201275216,2358256,66292846,352449263,41056937,311392326,24558517,19713935,7268000,14752394,1827521.4327138185,1837942.5366546204
20140627,11616,264282703,399444352,261895380,122909502,138985878,2387323,44685853,354758499,49196393,305562106,22745943,11107307,1000500,9832103,1816829.5835055097,1828465.4003960055
20140628,11630,153826161,283400236,151482880,56997812,94485068,2343281,59857221,223543015,27109313,196433702,24745110,16647085,2000000,16465026,1803501.149355116,1814642.5143594153
20140629,11627,158801540,261170799,156485272,41574314,114910958,2316268,48105024,213065775,28779118,184286657,21547461,15749488,0,10808075,1795162.0459275823,1803966.488948138
20140630,11682,334054112,456547794,331761678,76383658,255378020,2292434,71593561,384954233,71086987,313867246,28418810,19913449,3600000,19661302,1776224.5699366548,1786710.247217942
20140701,11718,384428753,374164541,382080337,84648368,297431969,2348416,76352332,297812209,57115920,240696289,28910252,16925356,7651800,22864924,1771643.5942993686,1770767.6588154975
20140702,11716,384555819,328950951,382237475,124686586,257550889,2318344,54590504,274360447,56038073,218322374,18059546,18143286,1900000,16487672,1776692.0882553773,1771946.0257767157
20140703,11734,297894643,289009780,295575412,117330905,178244507,2319231,72000589,217009191,34501699,182507492,22139287,22945630,10200000,16715672,1774723.8255496847,1773966.6359297768
20140704,11718,211649838,264494550,209348291,47444497,161903794,2301547,58159245,206335305,40925658,165409647,19532073,24825799,500000,13301373,1772637.3661887695,1777147.0702338284
20140705,11736,169383796,272535138,167078182,63429360,103648822,2305614,46886012,225649126,43470834,182178292,23365091,11320687,0,12200234,1761129.2872358556,1769918.5972222222
20140706,11734,199569025,195530758,197287738,58678071,138609667,2281287,42738122,152792636,28637443,124155193,19903631,10583093,700000,11551398,1761773.6136015,1761429.4626725754
20140707,11770,272182847,317612569,269914951,66462026,203452925,2267896,63467426,254145143,59847001,194298142,29408173,20106871,941198,13011184,1752525.2217502124,1756385.0112149534
20140708,11771,224240103,340453063,221992553,61280454,160712099,2247550,57017247,283435816,62162605,221273211,24832472,12278882,8100000,11805893,1742503.5171183418,1752376.3367598334
20140709,11772,278005555,269642881,275740766,100407528,175333238,2264789,44472135,225170746,49920081,175250665,14799455,16126216,1400000,12146464,1743065.8829425755,1742355.4960924226
20140710,11782,283095921,326009240,280808940,76920429,203888511,2286981,71503879,254505361,49578125,204927236,24571089,24395618,8000000,14537172,1737944.1737396028,1741586.4517059922
20140711,11804,208671021,240050748,206409952,49110187,157299765,2261069,37145193,202905555,50829376,152076179,14775279,8653271,0,13716643,1732046.639105388,1734705.0368519146
20140712,11823,177644343,149081488,175393033,75425505,99967528,2251310,40240325,108841163,27984837,80856326,21146747,10132362,300000,8661216,1731679.0478727904,1729263.1758436945
20140713,11871,179759885,199459990,177520917,66176740,111344177,2238968,37261668,162198322,30133300,132065022,15324901,10994549,0,10942218,1723017.5451099318,1724677.0603150534
20140714,11902,254797524,284753279,252543988,88262667,164281321,2253536,52533556,232219723,23824522,208395201,22728966,16719105,1490000,11595485,1716012.8989245505,1718529.7662577718
20140715,11901,334810012,261722182,332554408,116023440,216530968,2255604,59644641,202077541,27658319,174419222,28312129,14456627,810000,16065885,1722298.407948912,1716157.0895723049
20140716,11916,394890140,234775948,392596651,170324655,222271996,2293489,59605459,175170489,31190665,143979824,24049651,15112325,500000,19943483,1733567.266280631,1720130.3585934876
20140717,11915,253011280,298279385,250755039,73862280,176892759,2256241,104717040,193562345,32255120,161307225,20409316,22169561,49800000,12338163,1729913.5073436843,1733712.7608057072
20140718,11924,208959595,208671287,206677714,62723841,143953873,2281881,60675775,147995512,20805733,127189779,30533659,19912408,202000,10027708,1728631.9815498155,1728607.8027507549
20140719,11940,210318023,155464283,208048192,108711944,99336248,2269831,31681543,123782740,15507755,108274985,14009478,8324384,0,9347681,1730909.672361809,1726315.5567839197
20140720,11961,176449304,174462836,174193562,58331429,115862133,2255742,38768091,135694745,29227103,106467642,17115054,9327176,0,12325861,1728036.7825432657,1727870.7037873087
20140721,11987,378088594,434191479,375786236,188430013,187356223,2302358,54882116,379309363,39353239,339956124,26869340,13077930,10000,14924846,1719608.3316092433,1724288.6423625594
20140722,12020,243084133,369043423,240854173,90700778,150153395,2229960,98632913,270410510,31942129,238468381,30137941,13547269,41501000,13446703,1704408.1348585691,1714887.2771214643
20140723,12017,265461894,308353077,263182434,114917590,148264844,2279460,56660566,251692511,45278350,206414161,31464788,10539421,1540000,13116357,1701264.4252309229,1704833.6341016893
20140724,12030,277044480,347622431,274781793,106071922,168709871,2262687,70641581,276980850,42338290,234642560,28540166,17667384,12800000,11634031,1693559.1560266002,1699425.9848711553
20140725,12009,181641088,262874791,179379699,63336575,116043124,2261389,70693254,192181537,35509270,156672267,22920147,16751760,16901000,14120347,1689756.2614705637,1696520.6634191023
20140726,12028,128268053,282653341,126012255,54186270,71825985,2255798,51725809,230927532,29639068,201288464,18138384,18713087,1500000,13374338,1674251.5510475556,1687087.0422347854
20140727,12040,151406251,166610652,149177264,80780644,68396620,2228987,50588888,116021764,35246941,80774823,18664858,20466300,0,11457730,1671320.0377906978,1672582.86179402
20140728,12083,371762756,345986909,369535407,214062345,155473062,2227349,51656382,294330527,30372288,263958239,25389413,11015923,2200000,13051046,1667505.5120417115,1665372.2796490937
20140729,12073,228093046,303480103,225904582,85325202,140579380,2188464,41066657,262413446,23956498,238456948,12428323,12717118,3000000,12921216,1662642.428973743,1668886.6977553219
20140730,12089,209917272,250117716,207702516,64808558,142893958,2214756,53868111,196249605,25897612,170351993,19730768,8862240,12100000,13175103,1657116.51923236,1660441.8930432624
20140731,12101,191728916,277194379,189518581,56346135,133172446,2210335,53122061,224072318,33843617,190228701,15792314,13775873,7400000,16153874,1648410.5559871085,1655473.2336996943
20140801,12111,374884735,252540858,372678958,135715324,236963634,2205777,84227601,168313257,31013339,137299918,32731901,29456809,5100000,16938891,1657151.3512509288,1647049.47056395
20140802,12103,189092130,172250225,186889349,78478704,108410645,2202781,41930977,130319248,34359098,95960150,20388807,7149562,0,14392608,1659638.2648930016,1658246.716929687
20140803,12136,173825397,127125217,171634865,62120575,109514290,2190532,40828571,86296646,23794226,62502420,17238818,9473820,0,14115933,1658973.475609756,1655125.4054054054
20140804,12157,330640884,322907524,328404472,120904646,207499826,2236412,78477516,244430008,43969481,200460527,31529783,12074693,16500000,18373040,1656743.8891173808,1656107.7650736202
20140805,12174,394780870,221706539,392589715,164705556,227884159,2191155,74040082,147666457,35974791,111691666,26591098,14768284,16410000,16270700,1668647.099638574,1654430.3811401348
20140806,12189,288821016,282346594,286598298,127641624,158956674,2222718,56127546,226219048,26815416,199403632,21291913,19643544,1700000,13492089,1667124.8021166625,1666593.6328656985
20140807,12204,247646474,253659514,245405658,61837508,183568150,2240816,60050774,193608740,41675089,151933651,15410546,28941346,4300000,11398882,1664583.0197476237,1665075.7303343166
20140808,12195,233903717,311648757,231616935,54035416,177581519,2286782,67603275,244045482,43071065,200974417,19163226,18669835,14800000,14970214,1659436.3372693728,1665811.494300943
20140809,12225,160262764,163611708,158028887,44663092,113365795,2233877,50648384,112963324,30028086,82935238,18520392,22698987,0,9429005,1655090.158609407,1655364.1008588958
20140810,12227,259534870,189909225,257313208,76427498,180885710,2221662,55462188,134447037,24599903,109847134,23077228,20717590,1000,11666370,1660513.8491862272,1654819.4315040484
20140811,12266,331550471,418603336,329331370,102021228,227310142,2219101,60850688,357752648,40952695,316799953,17201769,23642952,2600000,17405967,1648137.1244904615,1655234.21115278
20140812,12307,258493673,309754858,256311879,101592768,154719111,2181794,48112423,261642435,46559208,215083227,15814510,14362076,1811000,16124837,1638481.2532704964,1642646.45884456
20140813,12314,261506619,303975517,259291103,99082207,160208896,2215516,55277175,248698342,22934891,225763451,25161278,14424643,3000000,12691254,1634101.0139678414,1637549.8444047426
20140814,12301,257702660,211939431,255446130,113303891,142142239,2256530,38957777,172981654,45402310,127579344,16476951,10331366,0,12149460,1639548.2574587432,1635827.9721973822
20140815,12316,244551620,236516007,242336052,83330178,159005874,2215568,47779700,188736307,38085265,150651042,10680763,18761561,0,18337376,1638203.8590451446,1637551.405894771
20140816,12346,215059736,219214339,212842047,55705873,157136174,2217689,41164497,178049842,38363021,139686821,17021673,12925634,5000,11212190,1633886.61307306,1634223.1271666936
20140817,12370,149978271,139564084,147777403,42442478,105334925,2200868,40085759,99478325,28147769,71330556,7738809,19041259,0,13305691,1631558.4730800323,1630716.5824575587
20140818,12401,298499146,259169016,296308680,84557465,211751215,2190466,55584679,203584337,52598310,150986027,14850247,15566826,0,25167606,1630651.434723006,1627479.9058140472
20140819,12411,266401973,254929877,264196458,108645683,155550775,2205515,74648794,180281083,33028860,147252223,29600198,11467928,2040000,31540668,1630261.9078237049,1629337.558778503
20140820,12436,308378692,202452782,306133606,134420983,171712623,2245086,73775504,128677278,28451096,100226182,24165679,17235710,1650000,30724115,1635502.2875522675,1626984.6042135735
20140821,12436,251763517,219963356,249525712,85818188,163707524,2237805,70493107,149470249,18207816,131262433,28669192,10979534,420000,30424381,1638059.3928111934,1635502.2875522675
20140822,12446,246316056,179349206,244094164,97266695,146827469,2221892,74322748,105026458,13620285,91406173,31216803,10023388,210000,32872557,1642123.8517596014,1636743.2596014785
20140823,12459,141412027,199377531,139192764,42797254,96395510,2219263,63911142,135466389,28401389,107065000,22294743,13156888,100000,28359511,1635757.9223854241,1640410.4229071354
20140824,12471,130195484,191080151,127991522,43143686,84847836,2203962,52046987,139033164,15507226,123525938,19194293,12132444,900000,19820250,1629301.8433164943,1634183.9431481035
20140825,12508,309574223,312413411,307361141,92282025,215079116,2213082,96656751,215756660,27159616,188597044,35518047,11637924,1500000,48000780,1624255.2046690118,1624482.1944355613
20140826,12517,306945089,285478563,304747497,124460527,180286970,2197592,88192408,197286155,14814754,182471401,24879168,16497042,0,46816198,1624802.3189262603,1623087.329232244
20140827,12527,302194801,468164147,299973007,102372488,197600519,2221794,107408171,360755976,20966937,339789039,34053795,19426628,6000000,47927748,1610256.3486868364,1623505.2786780554
20140828,12557,245082751,297893861,242887647,56734596,186153051,2195104,98896299,198997562,15732174,183265388,25606866,25743565,4000000,43545868,1602203.5653420403,1606409.2761009794
20140829,12596,267554713,273756380,265335172,87236719,178098453,2219541,103967802,169788578,27979322,141809256,31191914,30028785,40000,42707103,1596750.4368847252,1597242.7889806288
20140830,12603,199708772,196374134,197483663,84798329,112685334,2225109,70813897,125560237,32453185,93107052,18388231,14302883,100000,38022783,1596128.1552804888,1595863.5644687773
20140831,12614,275090213,292943033,272878511,148125324,124753187,2211702,106464912,186478121,24503950,161974171,23745525,31675561,0,51043826,1593320.9387188838,1594736.256619629
